GuestID,FirstName,LastName,Age
1,Evin,Wybron,67
2,Evey,Evensden,7
3,Arly,Wicken,1
4,Nickey,Scalera,45
5,Ramsay,Stears,55
6,Moll,Pearle,39
7,Leonhard,Ilbert,2
8,Anselma,Kemet,36
9,Carine,Shwalbe,38
10,Dagmar,Elcum,9
11,Baudoin,Broschke,11
12,Zola,Godwin,36
13,Sindee,Payle,17
14,Maurie,Landall,48
15,Giselle,Arkow,12
16,Nertie,Batrim,64
17,Anastasia,Bodicam,65
18,Noel,Foster-Smith,70
19,Binky,Dannell,49
20,Sutherland,Thornebarrow,68
21,Felike,Stickens,29
22,Julianna,Haydn,59
23,Erminia,McCarron,56
24,Lynde,Antonio,13
25,Nissy,Duigan,32
26,Coral,Loadsman,62
27,Haley,Lowdeane,52
28,Galven,Moxted,20
29,Elnora,Crux,13
30,Lanie,Frangleton,16
31,Bernarr,Cancelier,13
32,Tobit,Rebillard,47
33,Lonnard,Lacoste,30
34,Thornie,Matlock,23
35,Artus,Canepe,13
36,Blanche,Gimert,22
37,Toinette,Rubartelli,15
38,Cher,Cuphus,15
39,Nancie,Kall,10
40,Linc,Christoffels,58
41,Sly,Seelbach,70
42,Cyrill,Oliphant,61
43,Essy,Shopcott,67
44,Barbi,Skeats,20
45,Isidora,Cobain,58
46,Noah,Bodman,64
47,Leonhard,Herreros,67
48,Chelsae,O'Longain,20
49,Flin,L'Amie,46
50,Toma,Hendrickx,27
51,Rafaelita,Calderhead,1
52,Tammie,Emms,38
53,Fabio,Stonebanks,12
54,Tod,Winspur,33
55,Codee,McNee,4
56,Marni,Wilkenson,65
57,Cal,Quigg,52
58,Sallie,Dmtrovic,5
59,Nanette,Mort,4
60,Alessandro,Offin,51
61,Solly,Gentsch,38
62,Elset,Von Salzberg,17
63,Julia,Dronsfield,38
64,Cale,Balogh,35
65,Janene,Goody,26
66,Justis,Hugk,19
67,Svend,Linny,14
68,Franny,Newtown,53
69,Derry,Barens,45
70,Marjy,Gwioneth,9
71,Nolana,Wraighte,28
72,Annnora,Gregoraci,47
73,Cristen,Broxton,66
74,Steffen,Switsur,55
75,Karlie,Heads,34
76,Hestia,Colling,48
77,Broddy,Pickersgill,33
78,Abagael,Emanuele,51
79,Jeanie,Matheson,69
80,Brand,Guisler,66
81,Jarib,Adamczewski,10
82,Hyacinthie,Traves,41
83,Vaughan,Paddefield,59
84,Dasha,Lindborg,31
85,Tanner,Angrock,10
86,Margie,Gleadle,47
87,Maurise,Dibdall,45
88,Hortensia,Muir,54
89,Joseito,Semechik,25
90,Allison,McCloughen,34
91,Isidor,Worsall,25
92,Salomone,Snelling,2
93,Pooh,Haveline,62
94,Meredith,Stollard,25
95,Bertha,Endicott,69
96,Deedee,Shreeve,52
97,Malchy,Vittet,5
98,Julius,Hoolaghan,21
99,Meyer,Amoore,63
100,Allyce,Frail,6
101,Bailie,Rochelle,55
102,Kaylyn,Rudiger,20
103,Vittoria,Baxter,55
104,Arlie,Seater,14
105,Witty,De la Harpe,54
106,Giraud,La Grange,18
107,Keene,Stanyan,59
108,Ferdinande,Perri,62
109,Armstrong,Robiot,48
110,Fionnula,Keymar,33
111,Mackenzie,Courteney,16
112,Daven,Fucher,58
113,Viva,Kleinmann,68
114,Ilyse,Gradley,42
115,Perri,McCoy,20
116,Carilyn,Cowherd,23
117,Charmion,Follis,16
118,Whitney,Bratton,38
119,Vi,Frary,28
120,Danie,Tembey,32
121,Jodie,Aldrin,69
122,Christel,Sturley,41
123,Derward,D'Aguanno,24
124,Wadsworth,Acreman,19
125,Nola,Grigsby,2
126,Juliana,Ledwitch,7
127,Ransell,Tarburn,54
128,Elias,Pyser,17
129,Elane,Sizeland,55
130,Kinnie,Maxwell,11
131,Rufe,Spinage,44
132,Elisabeth,Pendrid,28
133,Lynnell,Gianinotti,29
134,Alwyn,Lilion,54
135,Frankie,Garrish,3
136,Gradeigh,Symes,23
137,Emylee,Janicijevic,11
138,Yancey,Larner,55
139,Alva,Vipan,59
140,Katharina,Balas,53
141,King,Teather,56
142,Cynde,Cowey,47
143,Cozmo,Pepon,5
144,Ogden,Rake,21
145,Katee,Towner,4
146,Kelsi,Reinbach,54
147,Carmita,Leather,30
148,Siouxie,Barnewelle,46
149,Sonya,Peever,22
150,Milton,Readitt,29
151,Tracy,Whittingham,39
152,Minni,Veitch,38
153,Archibold,Rosone,43
154,Gwenny,Fairfoul,52
155,Row,Normadell,3
156,Ram,Kirgan,6
157,Eustace,Ramshaw,34
158,Giuseppe,Byfield,29
159,Felice,Norman,56
160,Homere,Nowaczyk,67
161,Irving,Rothermel,2
162,Reider,Dallin,27
163,Cairistiona,Hughlin,53
164,Brunhilda,Prando,13
165,Con,Cowderoy,32
166,Dunn,Lavigne,30
167,Aviva,Deeble,25
168,Sara-ann,Abazi,30
169,Chad,Irnis,59
170,Giulia,Gaynor,65
171,Carmelina,Coggell,16
172,Chelsie,Barten,37
173,Lennard,Hub,23
174,Flory,Buckner,8
175,Alex,ducarme,58
176,Doti,Weston,54
177,Marion,Kilty,41
178,Kimble,Asbury,24
179,Marleah,Jarrold,15
180,Elyse,Bispo,32
181,Hayes,Bound,54
182,Britt,Hassett,35
183,Maryanna,Parrott,11
184,Geordie,Turbayne,68
185,Peri,Blann,44
186,Elden,Lewsey,66
187,Saunderson,Garmston,17
188,Marnie,Killingsworth,25
189,Esteban,Bartocci,16
190,Leanor,Scrinage,20
191,Micaela,Sirette,44
192,Vitia,McGrouther,30
193,Francine,Casswell,1
194,Jephthah,Fulun,47
195,Tess,Meneo,64
196,Archambault,Huck,4
197,Violetta,Daoust,62
198,Darby,Singleton,4
199,Sasha,Lawrey,36
200,Tobe,Finlan,20
201,Addi,Vasilevich,41
202,Dallas,Andraud,68
203,Goran,Kelway,11
204,Archie,Ewers,27
205,Sebastian,Wykey,14
206,Joete,Libbey,49
207,Bernelle,Livick,19
208,Worden,Reolfi,38
209,Channa,Clifft,30
210,Ugo,Desseine,26
211,Bonny,Arend,64
212,Lem,Godilington,35
213,Brendan,Franzen,30
214,Mikael,Kalinke,43
215,Wendel,Menham,16
216,Gaylor,Conyard,6
217,Loraine,Mantrup,37
218,Roseanna,Klinck,39
219,Daile,Bullivant,63
220,Truman,enzley,47
221,Jaymee,Perry,57
222,Dianemarie,Wreakes,7
223,Dorree,Habin,29
224,Patrizia,Geake,65
225,Emmott,Bedbrough,21
226,Kassey,Hammelberg,28
227,Aguste,Feander,11
228,Dahlia,Selby,33
229,Shay,Gumbrell,59
230,Cherianne,Dufour,30
231,Tabby,Toseland,38
232,Kristel,Melody,58
233,Cirstoforo,Nicholes,31
234,Sheeree,Bodega,27
235,Kate,Graffham,58
236,Ron,Butterfill,14
237,Thekla,Styan,64
238,Ilsa,Worvell,22
239,Adena,Nicklinson,54
240,Chelsea,Riccione,61
241,Raymond,Gaylard,63
242,Martynne,Daspar,3
243,Wittie,Walwood,12
244,Artemas,Geraldini,43
245,Caldwell,Paolo,46
246,Mikael,Hawksby,27
247,Jocko,Povele,69
248,Henrieta,Klossmann,13
249,Jefferson,Kunert,7
250,Joshia,Joutapaitis,66
251,Arri,Sans,12
252,Fallon,Norledge,19
253,Derrik,Humpatch,31
254,Ricard,Keohane,3
255,Ginger,Sehorsch,22
256,Doti,McCutcheon,34
257,Dawn,Izzett,1
258,Delly,Paschke,69
259,Wang,Lukianov,63
260,Mira,Dailey,42
261,Nadeen,McMeyler,54
262,Cissy,Gierth,59
263,Gussi,Mitchiner,7
264,Tine,Bonar,21
265,Leland,Schott,2
266,Yulma,Beney,67
267,Giacobo,Grimsdith,41
268,Nels,Wallbrook,69
269,Germain,Barwack,21
270,Pen,Conkay,50
271,Rogers,Whaley,48
272,Forrester,Tether,11
273,Kelsey,Evemy,19
274,Doralia,Hooks,6
275,Anderson,Tuting,1
276,Allyce,Matteau,19
277,Ricky,Mayhew,13
278,Julianne,Uridge,25
279,Helenka,MacDowal,33
280,Ravi,Panyer,32
281,Immanuel,Fakeley,66
282,Tammie,Bianco,23
283,Horst,Cattanach,4
284,Blancha,Lightwood,63
285,Drugi,Scowcraft,33
286,Louie,Van der Kruijs,62
287,Ransom,Noorwood,15
288,Rafa,Barley,39
289,Hilary,Noakes,67
290,Morie,Flaonier,29
291,Dave,Lewzey,23
292,Carce,O'Hartigan,16
293,Gardy,Tubritt,47
294,Brittney,Burl,45
295,Levi,Darwent,9
296,Bridget,Charrier,64
297,Cesya,McDuffie,8
298,Culley,Kyston,17
299,Astrid,Quilleash,69
300,Shoshana,Simonnin,41
301,Nataline,Soden,2
302,Christian,Castanone,49
303,Thaxter,Ralston,36
304,Denney,Girodier,31
305,Tuesday,Fullylove,7
306,Craggy,Goldhill,65
307,Dixie,Girone,21
308,Cynthy,Petherick,38
309,Omero,MacAlester,31
310,Leticia,Maffia,56
311,Arny,Rossbrooke,21
312,Eolande,Elrick,54
313,Shir,Titherington,47
314,Timothy,Nequest,36
315,Trista,de Vaen,67
316,Salim,Benge,43
317,Nadean,Ruos,67
318,Ula,Withers,18
319,Constanta,McCotter,22
320,Darlleen,O' Hern,31
321,Gaylene,Dunston,67
322,Lukas,Lount,21
323,Bondie,Hedin,43
324,Martie,Simonett,1
325,Brigitte,Chasemore,68
326,Ida,Curnow,40
327,Arvin,Grigorkin,64
328,Reggis,Moncur,53
329,Tiebout,O'Flaherty,23
330,Noll,Grioli,58
331,Elvis,Cuthbertson,58
332,Stacia,Fritschel,25
333,Anne,Kornalik,19
334,Candice,Focke,28
335,Vinnie,Trye,44
336,Row,Orrick,21
337,Rutledge,Goddert.sf,21
338,Averil,Spaunton,68
339,Zandra,Erb,63
340,Camilla,Kinver,69
341,Desi,Keohane,10
342,Mona,Toretta,70
343,Louis,Shafe,70
344,Pansie,Petyankin,50
345,Tamar,Abramsky,17
346,Kessia,Boulden,36
347,Valida,Koba,28
348,Jakob,Martignoni,53
349,Angelina,Kollas,12
350,Arin,Geerdts,38
351,Talbot,Fall,51
352,Kelcie,Loges,5
353,Leone,Halliday,4
354,Valentine,Loney,35
355,Lance,Yurtsev,22
356,Christabella,Deverall,28
357,Carolin,Joiris,63
358,Kelcie,O'Donnelly,32
359,Amble,Kment,36
360,Aaron,Diter,39
361,Kit,Mahaffey,16
362,Karoline,Le Grice,64
363,Lanny,Blakebrough,34
364,Johnna,Vargas,63
365,Sigfried,Vasin,5
366,Carolann,Luckhurst,15
367,Darcy,Quickfall,33
368,Barrett,Acuna,31
369,Alis,Soloway,50
370,Bette,Loadwick,8
371,Dani,Dyshart,20
372,Alwyn,Spivie,7
373,Adelind,Blaxlande,65
374,Emmalyn,Hardway,61
375,Paquito,Caistor,21
376,Meir,Waller,22
377,Hannah,Phizaclea,6
378,Maddalena,Dorot,8
379,Sherwood,Duckels,60
380,Elwin,Cammacke,8
381,Breena,Booley,62
382,Mirabel,Fer,17
383,Babbie,Golsworthy,33
384,Brynne,Amner,27
385,Granville,Chiverstone,28
386,Thornton,Eveque,3
387,Letisha,Nancarrow,41
388,Marcos,O'Reilly,22
389,Stephani,Eastabrook,3
390,Tadd,Gerge,12
391,Gothart,Hempshall,26
392,Maje,Gerson,33
393,Abey,Ivanov,13
394,Reinaldos,O'Shesnan,34
395,Catharine,Elverston,13
396,Margy,Nitto,32
397,Kerby,Crowest,52
398,Rikki,Sorbey,18
399,Hillie,Giannasi,24
400,Whittaker,Garmons,24
401,Zachariah,Volett,50
402,Saw,Piolli,15
403,Brad,Hradsky,30
404,Engracia,Nunson,58
405,Shelbi,Dottrell,48
406,Armando,Sked,65
407,Vincents,Sloane,39
408,Corabel,Gleaves,54
409,Rem,Bartels-Ellis,63
410,Walker,Arendsen,38
411,Michail,Allnutt,39
412,Gail,Cicchinelli,20
413,Geordie,Edgcumbe,40
414,Jennilee,Caldaro,5
415,Bertie,Dennes,56
416,Antonietta,Ibanez,50
417,Carlye,Glassford,3
418,Anett,Winsbury,47
419,Jackqueline,Stickford,52
420,Heda,Peddowe,40
421,Harris,Saffran,22
422,Niels,Matskiv,70
423,Jorry,Linkie,15
424,Mitzi,Sineath,10
425,Lenore,Bumpus,54
426,Giselle,Tague,62
427,Karel,Pulteneye,18
428,Axe,Guillem,51
429,Tobye,Sore,43
430,Juliet,Peer,30
431,Julius,Foucar,50
432,Gideon,Kille,57
433,Zsa zsa,Boothroyd,57
434,Maryanna,Winckles,53
435,Rosaleen,Roocroft,22
436,Zsa zsa,Zambon,34
437,Demetri,Mouth,40
438,Marget,Bolt,37
439,Clerkclaude,Dallender,50
440,Reinaldos,Taaffe,61
441,Hewett,Darleston,57
442,Tiphany,Jerrams,10
443,Wolf,Kirckman,4
444,Nanice,Preshaw,20
445,Rayna,Mennithorp,37
446,Ellie,Rendbaek,5
447,Creight,Middis,62
448,Liam,Braz,41
449,Rudolf,Ozanne,20
450,Jesse,Biaggi,38
451,Teddy,Rawsthorn,42
452,Marthena,Brouncker,11
453,Archy,Willstrop,33
454,Sandra,Caldaro,11
455,Jermain,Le Brom,12
456,Walton,Middleton,40
457,Laird,Aldrick,33
458,Essy,Brassill,29
459,Darcie,Greeve,6
460,Euphemia,Chaize,66
461,Claudian,McMinn,19
462,Bartram,Yegorkov,15
463,Sibel,Downs,19
464,Jeremiah,Corteis,23
465,Erhart,Fowley,22
466,Chandler,Peltz,44
467,Ruth,Schwand,61
468,Marga,Boldry,37
469,Weber,Grote,64
470,Farrah,Minghetti,60
471,Tobe,Braemer,60
472,Marshall,Bunkle,35
473,Torey,Aveling,1
474,Helyn,Matthaus,18
475,Doralyn,Redish,31
476,Vikki,Winspire,31
477,Vitoria,Bonnell,48
478,Christal,Jevons,49
479,Klara,Goudard,22
480,Tadeas,Thames,47
481,Tersina,Lindeboom,4
482,Daffy,Detloff,63
483,Gino,Wenger,16
484,Ahmed,Arbuckel,24
485,Armin,Orring,36
486,Terrie,Bacher,58
487,Adair,Melin,9
488,Josie,Loveguard,33
489,Pippo,Baiss,66
490,Horton,Currum,66
491,Madelaine,Longega,53
492,Lavinie,Sewter,4
493,Avigdor,Kimbrey,51
494,Nevins,Harken,17
495,Vincents,Burtonwood,13
496,Nikkie,Egger,5
497,Daile,MacColgan,63
498,Benetta,Blance,15
499,Catharina,Skillings,9
500,Raina,Bellwood,27
501,Noe,Sewards,66
502,Nata,Stalf,67
503,Armstrong,Wyllie,53
504,Roseanna,Cancellieri,19
505,Vevay,Plowman,29
506,Torrin,Belderson,44
507,Vikky,Woodfin,64
508,Rudyard,Heenan,52
509,Gottfried,Buard,8
510,Maurizio,Corkill,5
511,Tatiana,Neale,45
512,Theobald,Tamsett,17
513,Simone,Rawes,49
514,Deva,Augie,9
515,Bev,Mewe,10
516,Angelo,Ghidoni,12
517,Wynne,Brelsford,44
518,Stanislas,Tinsley,65
519,Sullivan,McGuiness,38
520,Gareth,Matskevich,27
521,Stella,Kopisch,55
522,Maddie,Beche,46
523,Melvin,Pavia,45
524,Diannne,Dunge,4
525,Lilias,Deakes,24
526,Tabitha,Aiskovitch,10
527,Archibaldo,Filipov,40
528,Britt,Sergeant,22
529,Arri,Whordley,55
530,Perceval,Mulchrone,51
531,Wilden,Popelay,65
532,Bearnard,Domegan,36
533,Ailbert,Yurshev,49
534,Mack,Bardnam,40
535,Fulvia,Spellsworth,59
536,Dory,Hebden,39
537,John,Corns,22
538,Danica,Konzel,68
539,Jimmie,Albury,57
540,Marylynne,Labb,2
541,Bree,Kitchingman,61
542,Carey,Eastgate,51
543,Lisabeth,St. Aubyn,7
544,Nonnah,Hartgill,16
545,Pam,MacKenney,42
546,Drugi,Kilshaw,48
547,Neils,Drust,14
548,Kenneth,Joiris,18
549,Marilin,Burkhill,48
550,Connor,McMorran,33
551,Ertha,Overlow,60
552,Hebert,Wardel,29
553,Erda,Titchener,61
554,Mufinella,Krollman,48
555,Robenia,Wingeat,54
556,Annabella,Payn,4
557,Burk,Corrison,64
558,Prissie,Truggian,51
559,Ermina,Bugs,70
560,Cicily,O'Henecan,18
561,Thaxter,Gatling,61
562,Cassandra,Bland,66
563,Benedick,Lamb,57
564,Eugenius,O'Calleran,30
565,Kyle,Tunbridge,20
566,Clyve,Maypes,24
567,Casandra,Wressell,56
568,Birdie,Finders,26
569,Melinda,Wynes,20
570,Denny,Sauven,32
571,Taddeo,Bowdidge,45
572,Culley,Bennell,21
573,Antoni,Ivakin,34
574,Freedman,Dupree,21
575,Kerry,Thunderman,6
576,Ainsley,Cowope,53
577,Adrian,Hutcheson,7
578,Erich,Morfey,49
579,Madelaine,Keys,9
580,Ericka,Martonfi,1
581,Merwyn,Gaitung,36
582,Fancie,Duffie,40
583,Jecho,Troy,18
584,Ferd,Padillo,28
585,Eyde,Poulsen,31
586,Vallie,Juares,52
587,Jaclin,Garett,30
588,Stafford,Dohmer,39
589,Grete,Slisby,66
590,Laurel,Ricard,1
591,Meryl,Champe,10
592,Larine,Churchouse,48
593,Rebeca,Hellcat,34
594,Nickolai,Kleinerman,25
595,Beret,Starton,32
596,Delmer,Iddenden,36
597,Mellicent,Palfreeman,50
598,Verina,Drabble,54
599,Veradis,Munkton,53
600,Gav,Parlour,47
601,Morgan,Bonwick,52
602,Shadow,Ohlsen,24
603,Jena,Viegas,56
604,Tallie,Cantwell,18
605,Derrik,Daniells,32
606,Tobey,Illem,34
607,Jorie,Hargie,55
608,Davy,Aubury,15
609,Maible,Housin,20
610,Emmerich,Brookesbie,10
611,Beatrice,Treend,13
612,Frances,Buffham,59
613,Paola,Everest,19
614,Daphene,Augie,21
615,Giraud,Tyrer,14
616,Sal,Kelinge,1
617,Erinn,Linggard,44
618,Oates,Hardern,5
619,Marcellus,Delatour,62
620,Randie,Harbin,10
621,Ragnar,Dirand,17
622,Mathias,Earl,27
623,Corrie,Birnie,33
624,Robin,Martins,36
625,Clem,Bysaker,2
626,Gabe,Trim,2
627,Ebenezer,Lewnden,16
628,Ursula,Matschuk,28
629,Pattie,Brend,4
630,Vally,Hancke,55
631,Powell,O'Moylane,53
632,Hammad,Thorrington,48
633,Cross,Casotti,11
634,Arabela,Eveling,62
635,Elayne,Battson,4
636,Luisa,Sawnwy,58
637,Ellen,Trembley,57
638,Bria,Klos,30
639,Spencer,Dowse,48
640,Casey,Potzold,35
641,Hube,Jiggen,2
642,Georgetta,Sedworth,7
643,Trudy,Staff,28
644,Sarge,Emanuele,19
645,Liliane,Ruxton,33
646,Jamima,Tooting,64
647,Maximilien,Flinders,26
648,Alida,Alloisi,37
649,Helena,Horburgh,1
650,Nero,Sconce,58
651,Levey,Whittington,49
652,Sean,von Grollmann,65
653,Lacy,D'Acth,18
654,Marcos,Hunter,34
655,Marijo,Canham,28
656,Allys,Littler,1
657,Chloette,Torbeck,18
658,Olivero,Gajownik,45
659,Emmy,Rishbrook,9
660,Suki,Rossoni,33
661,Mark,Langman,12
662,Davide,Mingus,47
663,Sissie,Hagston,42
664,Oliviero,Pooly,68
665,Belita,McFetridge,48
666,Carly,Brewin,47
667,Camellia,Van Cassel,32
668,Adolf,Scholler,27
669,Janifer,Williment,20
670,Cornelia,Snelgrove,47
671,Merrel,Calvie,66
672,Shelia,Trounson,15
673,Sallie,Adamoli,12
674,Ennis,Giorgielli,62
675,Midge,Mackiewicz,45
676,Melly,Goforth,54
677,Ann,Whitelock,43
678,Niki,Knowlton,23
679,Marga,Gittens,34
680,Ethelin,Rudolf,64
681,Farleigh,Phillips,9
682,Laurens,Plumley,52
683,Evangelia,Bruckental,2
684,Jordan,Deelay,24
685,Dell,Bineham,46
686,Vita,Fanshawe,63
687,Denys,Haston,32
688,Issi,Utridge,49
689,Rodrick,Negus,53
690,Christel,Lemmers,5
691,Krystyna,Bertie,36
692,Phylys,Smidmor,5
693,Christabel,Lethardy,56
694,Jeremie,Clissold,53
695,Emmet,Tebboth,49
696,Gasper,Fermoy,17
697,Jaime,Cescotti,65
698,Maryellen,Keems,56
699,Kermit,Camies,55
700,Eba,Sowerby,28
701,Tobin,Neave,43
702,Erl,Holme,10
703,Lauraine,Ditter,60
704,Mollee,Vance,35
705,Norbie,Crinage,70
706,Richart,Jeaves,3
707,Caron,Sayton,6
708,Irwin,Karolczyk,26
709,Norean,Mylechreest,52
710,Elonore,Ferby,9
711,Kelila,Dulwich,18
712,Alie,Vasin,29
713,Aldis,Dormon,49
714,Bent,Peascod,21
715,Dode,Roseman,44
716,Marty,Syratt,50
717,Nelie,Nazer,3
718,Adeline,Grayshan,37
719,Valle,Doring,16
720,Cordelie,Mc Curlye,51
721,Timothy,Noell,41
722,Allie,Jiggle,42
723,Basilius,Tomaini,70
724,Stanley,Schmuhl,13
725,Brynn,Lever,8
726,Walliw,Watkin,9
727,Konstantine,Phythian,35
728,Renard,Audas,27
729,Karlen,Mullinder,54
730,Marian,Krauze,20
731,Lindsey,Decayette,17
732,Amara,Gooding,48
733,Waverley,Goymer,52
734,Lucita,McAughtry,63
735,Hamilton,Sperski,51
736,Waldo,Pozzi,44
737,Stella,Lanfear,58
738,Ronica,Sculley,10
739,Zola,Luchelli,61
740,Lindi,Domeney,28
741,Birgitta,Till,5
742,Dacia,Tring,17
743,Muhammad,Aizikovich,11
744,Alexis,Norbury,3
745,Maude,Niess,23
746,Remington,Demogeot,51
747,Karoline,Scrancher,12
748,Robinetta,Simoni,19
749,Gothart,Hodgon,51
750,Markos,Yuryaev,52
751,Lydon,Arthur,36
752,Honey,Olivella,18
753,Julie,Seeger,58
754,Tymon,Earp,8
755,Madlin,Gossington,26
756,Linet,Dendon,65
757,Arnoldo,Thirlaway,51
758,Iggy,Paireman,6
759,Calhoun,Braney,12
760,Cirilo,Guntrip,60
761,Hedwiga,Luca,46
762,Agustin,Forgie,40
763,Romola,Rigden,53
764,Wilma,Ghion,9
765,Oberon,Andriveaux,3
766,Delila,Warton,43
767,Hilde,Slora,13
768,Elia,Foker,55
769,Jania,Jiroutka,46
770,Felita,McCritichie,17
771,Jessalin,Hewins,24
772,Isadora,McBrady,65
773,Ilse,Newgrosh,18
774,Orson,Trainer,62
775,Kevina,Stickland,46
776,Camilla,Pharoah,49
777,Maryjo,Warr,70
778,Leesa,Murr,47
779,Jody,Hauxwell,50
780,Skippy,Braganza,26
781,Lexy,Sebborn,57
782,Brynne,Wallbank,66
783,Nani,Calverley,46
784,Roi,Scarasbrick,21
785,Jeanelle,Bangle,44
786,Haroun,Fishpoole,40
787,Sorcha,Zecchi,20
788,Cilka,Flannigan,57
789,Derrick,Goney,56
790,Marion,Hughland,20
791,Philbert,Weatherburn,29
792,Cornie,Brodway,21
793,Nicky,Cawthra,22
794,Toddie,O' Finan,46
795,Sammy,Pantridge,51
796,Catlin,Brotheridge,18
797,Hew,Somerscales,19
798,Boonie,Guillem,59
799,Rurik,Stainer,34
800,Fergus,Greschke,14
801,Hollie,Brauner,57
802,Aile,Moss,39
803,Shurlock,Mandifield,56
804,Emylee,Jakes,45
805,Alvan,Ham,30
806,Thomasine,Hallt,48
807,Willette,Phibb,1
808,Timmi,Lipscomb,56
809,Maryanne,Pennino,33
810,Cherri,Payne,28
811,Ilyssa,Laverick,46
812,Arthur,Lebarree,52
813,Tamera,Gotobed,36
814,Mathias,Kermit,21
815,Trista,Reeme,52
816,Stewart,Perryman,4
817,Susy,Dineges,31
818,Ravi,Danett,54
819,Shanda,Bradshaw,21
820,Raphael,Sommerfeld,49
821,Remington,Cowing,2
822,Benetta,Loutheane,21
823,Carling,Bartolomeu,6
824,Josy,Goode,6
825,Kaitlin,Pendleberry,44
826,Jessy,Tomasutti,67
827,Fionnula,Triplett,33
828,Abbye,Hakes,63
829,Corrie,Bettles,31
830,Mayer,Padwick,44
831,Jourdain,Kenworthey,11
832,Crawford,Kenrack,29
833,Zeb,Girauld,44
834,Ulrick,Ennals,34
835,Alvera,Kretchmer,35
836,Jaquenetta,Heinssen,4
837,Dalenna,Nanuccioi,52
838,Dino,Darey,5
839,Wainwright,Lynnitt,20
840,Jolie,Riddoch,69
841,Ingaberg,Domino,2
842,Saidee,Sneyd,43
843,Sorcha,Tourry,60
844,Cobb,Ollie,51
845,Rayner,Girodias,46
846,Jamison,Scanlin,63
847,Haley,Klimp,65
848,Tamma,Attenborough,68
849,Ariadne,Sidney,27
850,Celestine,Kenwyn,32
851,Dona,Duling,33
852,Kellen,Garnar,37
853,Raquela,Playford,49
854,Elyssa,Zecchii,32
855,Donavon,Cotterell,61
856,Petronille,Parcells,69
857,Humfrey,Grimm,16
858,Danica,Chilcotte,2
859,Kasey,Ebbin,27
860,Alys,Chessell,25
861,Codie,Flasby,31
862,Milli,Yglesia,17
863,Trenton,Matusson,41
864,Lebbie,Gillions,41
865,Bobbi,Zoephel,19
866,Nicky,Gregori,49
867,Brina,Mylan,70
868,Leonelle,D'Alesco,12
869,Fraser,Teresa,34
870,Benedicto,de Nore,49
871,Tildi,Stickles,63
872,Ware,Beeres,69
873,Deena,Bratley,48
874,Tomasine,De la Feld,16
875,Krissie,Michael,43
876,Stephen,How,2
877,Shandeigh,Russam,62
878,Kassey,Atterley,52
879,Marissa,Jennemann,12
880,Chiquita,Derdes,57
881,Nanon,Semarke,40
882,Diane,Suero,4
883,Lavena,Waleworke,37
884,Delphine,Ingle,50
885,Brose,Rizzardini,19
886,Helen-elizabeth,Hillyatt,52
887,Mead,Thoresby,11
888,Mallory,Houlson,2
889,Randy,Palliser,1
890,Tristan,Heyward,2
891,Gabriel,Halstead,16
892,Filmore,Dudman,17
893,Ancell,Phizaclea,48
894,Cass,Brehault,45
895,Sonnie,O'Nion,18
896,Laurie,Pinxton,28
897,Caye,Paschke,9
898,Karney,Jones,28
899,Debbie,Devenish,46
900,Leela,MacMoyer,51
901,Reggi,Abelevitz,34
902,Shelia,Baldini,67
903,Sherwood,Minchinden,10
904,Kiele,MacKnight,38
905,Araldo,MacWilliam,45
906,Belia,Higginbottam,67
907,Genovera,Pfleger,1
908,Mildrid,Hagart,51
909,Garnette,Rudd,24
910,Cathee,Gricewood,37
911,Dulcea,Shakesby,46
912,Letta,Kasper,1
913,Domingo,Winslade,10
914,Briana,Willgrass,36
915,Averyl,Ion,64
916,Rouvin,Billingham,1
917,Orland,Moggie,21
918,Meg,Piris,23
919,Rubia,Greenrod,27
920,Kordula,Annear,12
921,Noelle,Bamsey,1
922,Cullan,Guerrazzi,27
923,Mackenzie,Southern,42
924,Adelbert,Ferrini,27
925,Karlan,Headech,23
926,Ronnie,Victoria,67
927,Lucie,McCullough,28
928,Davine,Joyson,67
929,Angelle,Laidlaw,40
930,Rice,Chrismas,43
931,Ware,Over,60
932,Devland,Dible,22
933,Stefania,Saile,41
934,Ilise,Looker,53
935,Elladine,Briers,14
936,Inge,Kenwright,12
937,Bobbie,Chedzoy,23
938,Silvio,Shipley,66
939,Merrill,Benez,1
940,Ediva,Kilford,9
941,Berni,Ledwitch,5
942,Sissy,Bysshe,60
943,Alan,Rattenberie,20
944,Gerri,Peetermann,43
945,Paige,Osmon,1
946,Beltran,Bulstrode,16
947,Ciel,Quail,25
948,Eadith,Havenhand,2
949,Ashby,Lundbeck,5
950,Albert,Werrilow,19
951,Avrom,Allebone,44
952,Atlanta,Parsisson,24
953,Emelda,Harrema,1
954,Deloris,Sebright,36
955,Blayne,Epilet,59
956,Addi,Verbrugghen,49
957,Lorrie,Loblie,39
958,Hallie,Dorrity,53
959,Fredia,Norfolk,67
960,Janie,Elby,7
961,Kary,Danilewicz,47
962,Harv,Fri,2
963,Maegan,Mayler,65
964,Carver,Dolbey,52
965,Emylee,Treherne,30
966,Miquela,Skip,26
967,Daniel,Eager,11
968,Arvin,Blandford,19
969,Bobbi,Matteucci,67
970,Lenette,Creane,45
971,Reinaldos,Mattiato,36
972,Ivory,Phelip,3
973,Cosette,Toulmin,4
974,Catina,Trew,28
975,Luca,Favell,30
976,June,McGaw,19
977,Nicolina,Nansom,25
978,Starlene,Belly,59
979,Alisha,Avis,38
980,Lodovico,Woodwin,57
981,Maison,Corroyer,68
982,Lolly,Jouandet,57
983,Jami,Gruby,16
984,Curcio,Cristofor,52
985,Rosabel,Beagen,25
986,Lulita,Dundon,16
987,Jess,McCarrison,69
988,Agnola,Acreman,27
989,Lurlene,Moye,41
990,Micheil,Wastall,70
991,Ethelbert,Sterke,2
992,Modestine,Cockarill,65
993,Rhodia,Bezley,39
994,Gaylord,Gaitone,40
995,Witty,Bracchi,43
996,Donielle,Wrey,65
997,Emiline,Flower,19
998,Roda,Dighton,12
999,Annemarie,Harkins,32
1000,Marrilee,Mebs,19
1001,Issi,Veart,43
1002,Auroora,Phoebe,24
1003,Jacky,Musla,12
1004,Hinze,Blasing,4
1005,Decca,Foulkes,30
1006,Briana,Sherborne,56
1007,Penny,Giabucci,69
1008,Hanna,Bettridge,58
1009,Roseann,Owthwaite,45
1010,Peggie,Purver,45
1011,Meridith,Vear,62
1012,Ealasaid,Leer,39
1013,Lammond,Nickless,43
1014,Emalee,Capinetti,46
1015,Milton,Cliss,35
1016,Marquita,Gogin,39
1017,Sallee,Flanigan,54
1018,Annmaria,Ilyenko,8
1019,Merrili,Suche,27
1020,Ragnar,Matcham,44
1021,Roanna,Cowlas,1
1022,Sunny,Twinterman,15
1023,Alastair,Noni,28
1024,Garv,Sidey,26
1025,Rossy,Byford,67
1026,Dall,Fearnyhough,35
1027,Earvin,Gainor,4
1028,Aurthur,Koppes,44
1029,Fifine,Debney,49
1030,Annabal,Jermin,69
1031,Beltran,Junes,32
1032,Baxter,Faloon,33
1033,Kimberly,Limprecht,12
1034,Fran,Cappell,28
1035,Waneta,Denty,24
1036,Bernita,Martyns,10
1037,Grissel,Collimore,45
1038,Marco,Hadigate,36
1039,Davina,Bautiste,59
1040,Keelia,Anderton,33
1041,Stafani,Walklate,52
1042,Ellswerth,Starcks,66
1043,Leandra,Cawley,10
1044,Evania,Rudinger,4
1045,Kaylee,Boreland,22
1046,Lisabeth,Thomerson,9
1047,Freida,Nore,36
1048,Feodora,Cloney,29
1049,Alberta,Dubock,25
1050,Harvey,Bachellier,58
1051,Garv,Yakolev,4
1052,Chase,Daybell,14
1053,Aldus,Gyngell,35
1054,Rosetta,Lathey,35
1055,Kania,Sikorsky,18
1056,Emalia,Worrill,61
1057,Aila,Geffinger,36
1058,Mikey,Haddow,38
1059,Enos,Kohler,51
1060,Chilton,Brabyn,49
1061,Olivier,Gibbs,22
1062,Odey,Cocklin,23
1063,Durand,Lowerson,69
1064,Genni,Salkeld,37
1065,Lynnet,Salway,36
1066,Alvera,Tassel,33
1067,Luis,Strickett,38
1068,Arlee,Jessopp,31
1069,Annette,Maccaig,28
1070,Basil,Pimlock,55
1071,Cecil,Brandham,42
1072,Teodoro,Stendell,4
1073,Carilyn,Petras,38
1074,Nollie,Murkitt,2
1075,Neilla,Burnes,29
1076,Brig,Bouch,23
1077,Zelig,Scroyton,45
1078,Daryl,Klossmann,29
1079,Cello,Seear,41
1080,Dannye,Klaiser,24
1081,Maximilien,Attard,42
1082,Eugenia,Keling,17
1083,Carmencita,Di Carli,64
1084,Rog,MattiCCI,37
1085,Ralph,Doget,4
1086,Hatty,Scholes,26
1087,Dreddy,Guiton,51
1088,Bernita,Chapling,59
1089,Harmonie,Marner,27
1090,Portie,Kindon,12
1091,Ingaberg,Gero,45
1092,Faun,Morican,3
1093,Melantha,Sparkwell,16
1094,Dennie,Rangell,58
1095,Sandra,Callacher,23
1096,Alfie,Leggen,10
1097,Terrijo,Rowles,12
1098,Pippy,Hasnney,29
1099,Carilyn,Longmuir,53
1100,Arte,McEnhill,2
1101,Ondrea,Thomkins,49
1102,Glyn,McSparran,4
1103,Aime,MacNish,12
1104,Florette,Fillery,50
1105,Stacia,MacGiolla,17
1106,Renaud,Larcier,44
1107,Charmian,Ricarde,19
1108,Sauveur,Rohlfing,38
1109,Dev,Voaden,21
1110,Chandler,Kalinowsky,7
1111,Nevile,Diemer,52
1112,Nina,Smye,25
1113,Cross,Francescuzzi,44
1114,Pavla,Kinahan,17
1115,Tana,Issakov,57
1116,Patrizius,Whitebread,45
1117,Zachariah,Sandes,37
1118,Zsa zsa,Southwood,24
1119,Lionel,Simecek,6
1120,Merola,Wherry,34
1121,Niccolo,McCuthais,38
1122,Ahmad,Bohlmann,28
1123,Camey,Basketter,1
1124,Josi,Howsden,4
1125,Ritchie,Velten,60
1126,Nessi,Embleton,55
1127,Orelie,Di Batista,63
1128,Juliane,Andrioli,57
1129,Anitra,Boyce,51
1130,Shayne,Twiddell,58
1131,Rianon,Corrado,52
1132,Cyrus,Molines,30
1133,Parrnell,Duffy,13
1134,Abraham,Kleinbaum,4
1135,Pen,Carbine,13
1136,Mil,Bayne,55
1137,Orbadiah,Gillions,25
1138,Elisabetta,Petteford,44
1139,Rube,Simnel,49
1140,Codie,Sexti,69
1141,Bevan,Lukash,51
1142,Arly,Saipy,59
1143,Eli,Danskine,22
1144,Lars,Bootes,25
1145,Shena,Okey,18
1146,Mordy,Sargant,44
1147,Conrad,Episcopio,40
1148,Gothart,Withur,1
1149,Raimund,Dewerson,50
1150,Baird,Glen,15
1151,Eugenius,Roddick,20
1152,Tonye,Mowatt,45
1153,Laetitia,Kempe,19
1154,Sansone,McArtan,24
1155,Barbabra,Howells,60
1156,Ros,Chidley,65
1157,Mabelle,Hall-Gough,1
1158,Saundra,Froud,28
1159,Ferguson,Pavelin,26
1160,Tabatha,Weightman,34
1161,Courtnay,Churchley,53
1162,Hermine,O'Neal,33
1163,Florina,Tombleson,41
1164,Ginnifer,Rucklidge,59
1165,Hill,Heisman,36
1166,Calypso,Blabey,66
1167,Rheta,Blanckley,55
1168,Myles,Tarry,30
1169,Sofia,Muzzollo,3
1170,Warde,Killiam,62
1171,Alana,Bewsey,3
1172,Cher,Tiplady,16
1173,Sylvester,Foyster,29
1174,Tootsie,Cutforth,43
1175,Ibrahim,Stockney,32
1176,Diandra,Blowen,4
1177,Gabey,Hawkett,35
1178,Elsi,Lailey,57
1179,Rani,Shedden,33
1180,Pearline,Robbey,32
1181,Darsie,Chotty,65
1182,Robers,Spottiswood,26
1183,Wilhelmina,Livick,56
1184,Graeme,Miklem,53
1185,Den,Skillings,11
1186,Wye,Guiducci,49
1187,Donna,Markus,42
1188,Matt,Burnsell,65
1189,Zollie,Kynsey,13
1190,Sauncho,Lowell,29
1191,Dukey,Valek,26
1192,Base,Poley,41
1193,Becca,Simmon,15
1194,Kilian,Leadston,61
1195,Miles,Tax,11
1196,Cathrin,Vittore,24
1197,Nady,Goulston,66
1198,Tani,Sandbrook,11
1199,Monro,Emig,5
1200,Nertie,Woodsford,11
1201,Judie,Jolley,37
1202,Doro,Whaites,24
1203,Kirsteni,Bridgen,24
1204,Stephen,Maylard,3
1205,Lulu,Dobrovolski,35
1206,Art,McLeish,5
1207,Winonah,Gandar,17
1208,Harcourt,Huton,53
1209,Tisha,Assur,64
1210,Kingston,Hollidge,51
1211,Linnea,Gaines,11
1212,Paxon,Kellie,3
1213,Fitz,Garrat,57
1214,Moria,Uzelli,21
1215,Ginger,Grabbam,31
1216,Blane,Vardey,26
1217,Dulcea,Judkin,31
1218,Lilias,Medcalfe,51
1219,Patin,Itzik,16
1220,Cally,Troman,19
1221,Emmy,Kinny,50
1222,Lucille,Wimmer,39
1223,Orlan,Triner,11
1224,Cathee,Larwell,48
1225,Paolo,Muldrew,52
1226,Broderick,Learmouth,21
1227,Thorvald,Gregori,53
1228,Cody,Itzakson,47
1229,Renaldo,Biggs,1
1230,Gipsy,Helstrom,42
1231,Anthea,Kalkofen,5
1232,Max,Everton,64
1233,Carmine,Cappleman,43
1234,Frazer,Matyugin,50
1235,Ofelia,Coathup,8
1236,Pamela,Sutherland,60
1237,Hobey,Greenall,51
1238,Gael,Conklin,38
1239,Rip,Scotsbrook,33
1240,Maurene,Brahm,7
1241,Jaynell,Wabersinke,36
1242,Edsel,Tullot,48
1243,Maje,Hathway,24
1244,Ugo,Boxill,16
1245,Dewey,Biggs,35
1246,Anatola,Ziebart,28
1247,Claudio,Pie,23
1248,Rochette,Legan,60
1249,Elvyn,Felkin,39
1250,Curtice,Leynagh,40
1251,Leupold,Tracey,5
1252,Mariellen,McKeighen,21
1253,Lynea,Gallone,34
1254,Amandy,Meanwell,31
1255,Jacqueline,Tomankowski,21
1256,Siana,McUre,12
1257,Zaccaria,Puckham,55
1258,Alisha,Sinclaire,17
1259,Christye,Hankin,68
1260,Chantal,Rossey,25
1261,Briggs,Drillingcourt,24
1262,Robinette,Cockaday,14
1263,Beverley,Puve,53
1264,Georgeta,Palfrey,11
1265,Arin,Winckworth,21
1266,Hillie,Tuxsell,6
1267,Mae,Scroyton,66
1268,Sondra,Todhunter,18
1269,Korrie,Venneur,43
1270,Jacquelyn,Gerge,34
1271,Marthena,Forde,30
1272,Breena,Crichton,61
1273,Dulcine,Dikels,29
1274,Gabey,Tomsa,35
1275,Arlena,Ling,34
1276,Tami,Winckworth,51
1277,Orrin,Peniman,38
1278,Celle,Fills,34
1279,Vivyan,Mildmott,13
1280,Valeria,Follis,58
1281,Felicia,Stoffel,5
1282,Filmer,Chisolm,16
1283,Stafani,Wooderson,17
1284,Caprice,Dainter,10
1285,Billy,Rouzet,64
1286,Hesther,Barbary,14
1287,Noach,Glewe,62
1288,Abagail,Cribbott,10
1289,Benyamin,Mabbott,59
1290,Iggie,Dabourne,23
1291,Emelda,Borgne,67
1292,Verge,Kennermann,62
1293,Ethyl,Eakley,42
1294,Betta,Bassford,47
1295,Ethan,Leel,38
1296,Rose,Killshaw,66
1297,Pascale,Baldcock,37
1298,Oneida,Leneve,53
1299,Karrah,Catlow,4
1300,Vail,Blankett,41
1301,Chloette,Wakefield,32
1302,Petronella,Cridge,41
1303,Lew,Crucitti,52
1304,Bell,Dublin,53
1305,Henryetta,Faughnan,5
1306,Noreen,Van Arsdalen,22
1307,Steven,Geare,68
1308,Maryjane,Domnick,13
1309,Tiebold,Nayshe,35
1310,Pet,Ashment,68
1311,Ephrayim,McInulty,4
1312,Alta,Cattrell,61
1313,Myrna,Cartmer,34
1314,Marcie,Vaughten,65
1315,Sargent,Doding,49
1316,Dana,Longman,28
1317,Lexie,Senner,35
1318,Bobbye,Gowanlock,61
1319,Efrem,Bowe,56
1320,Bea,Brickdale,28
1321,Levi,Illesley,25
1322,Annnora,Slaten,35
1323,Delores,Meekings,14
1324,Diana,MacCahey,59
1325,Georgy,Kerrich,70
1326,Logan,Braundt,31
1327,Lynelle,Tafani,44
1328,Reginald,Triplet,65
1329,Bevin,Stoggell,63
1330,Barny,Vasyutin,13
1331,Jedidiah,Ashlee,48
1332,Chauncey,Greenstead,35
1333,Rolph,Mc Kellen,55
1334,Rodolfo,Varcoe,44
1335,Merla,Mottershaw,68
1336,Ernest,Warrick,66
1337,Brocky,Land,34
1338,Crawford,Eustace,61
1339,Rhiamon,Dollimore,43
1340,Buck,MacTrustie,53
1341,Lulita,Getten,63
1342,Abbye,Hobbert,35
1343,Alla,Jeffels,7
1344,Jean,Whalley,64
1345,Jonell,O'Sharkey,61
1346,Brander,Catto,22
1347,Elmira,Shepton,9
1348,Elfie,Priditt,33
1349,Ruddy,Proschek,33
1350,Hube,Cato,43
1351,Esma,Dumsday,50
1352,Jenda,Ciccerale,70
1353,Florence,Dreamer,25
1354,Aveline,Hellwig,69
1355,Kit,Grinnell,20
1356,Celie,Ephson,40
1357,Massimiliano,Robins,22
1358,Amata,Catley,59
1359,Leighton,Wickie,36
1360,Desmund,Yaldren,63
1361,Boothe,Jewise,7
1362,Janek,Brear,67
1363,Emmett,Trunks,16
1364,Gladys,Franzonetti,35
1365,Bertrando,Connerly,29
1366,Tatiana,Braben,66
1367,Petronilla,Lambourn,22
1368,Silvio,Cornwall,61
1369,Hillel,Lowthian,12
1370,Rolph,Pantin,48
1371,Humphrey,Jeans,65
1372,Kyle,McEachern,8
1373,Karita,Woolcocks,65
1374,Bonita,Oylett,5
1375,Franz,Eldritt,45
1376,Cameron,Adamo,56
1377,Sylvester,Bailles,20
1378,Obed,Rodrigues,23
1379,Donall,Humphrey,37
1380,Demetria,Jarrard,70
1381,Caitlin,Merrisson,33
1382,Bancroft,Babbidge,17
1383,Jillie,Fones,38
1384,Des,Petrenko,54
1385,Magda,Eite,10
1386,Lorilee,Brimming,68
1387,Hyacinth,Rawll,4
1388,Hortensia,Philipeaux,62
1389,Hilliary,Hooban,9
1390,Wadsworth,Bould,57
1391,Bancroft,Luberti,25
1392,Vincents,Andreu,52
1393,Darin,Escolme,30
1394,Jody,Lamming,14
1395,Joella,Twallin,55
1396,Griswold,Tilbey,45
1397,Sharron,Lalonde,49
1398,Daryl,De Wolfe,57
1399,Marji,Scamp,13
1400,Ellie,Jaffra,63
1401,Adele,Solomonides,58
1402,Charlton,Arsnell,56
1403,Genna,Librey,48
1404,Zacharias,Lambrecht,4
1405,Tate,Cawood,38
1406,Wadsworth,Hablet,27
1407,Garnet,Lissett,39
1408,Agatha,Ballham,39
1409,Fallon,Spellar,67
1410,Olivie,Barley,29
1411,Emma,Blake,59
1412,Carce,McNeice,67
1413,Stan,Manginot,45
1414,Bernardine,Doles,35
1415,Martie,Pellitt,18
1416,Leda,January,69
1417,Andris,Gleder,21
1418,Flor,Karle,16
1419,Homer,Froude,57
1420,Anetta,Roofe,42
1421,Kippar,Poundford,23
1422,Jayme,Curee,62
1423,Bryon,Melmore,4
1424,Arlena,Wallington,68
1425,Dal,Lande,26
1426,Gare,Condie,55
1427,Bartholomew,MacIntyre,46
1428,Harriott,Smeaton,65
1429,Dacia,Drover,26
1430,Lacey,Gaffey,12
1431,Vevay,Kienlein,4
1432,Anatola,Bagot,65
1433,Breena,Guyers,40
1434,Deanna,Cullum,32
1435,Vinny,Kinner,36
1436,Crysta,Zoellner,43
1437,Devon,Agnolo,51
1438,Shelba,Mathen,28
1439,Harold,Stovell,52
1440,Jenn,Arnoud,41
1441,Gusella,Cheak,19
1442,Jessalyn,Hampshire,14
1443,Aubrie,Inkpin,61
1444,Rriocard,Sussans,37
1445,Juditha,Warrillow,2
1446,Freddi,Linklater,62
1447,Bendicty,Syncke,24
1448,Kane,Bound,12
1449,Walther,Petz,59
1450,Emelina,Moules,38
1451,Jamie,Gosalvez,37
1452,Van,Bartolomieu,16
1453,Dominica,Bener,8
1454,Marin,O'Looney,36
1455,Siouxie,Dunbavin,34
1456,Drugi,Savery,28
1457,Glenn,Ledgard,18
1458,Maurine,Antonescu,18
1459,Brett,Cudby,45
1460,Euell,Pettendrich,53
1461,Alyson,Buckley,33
1462,Marcille,Spellesy,39
1463,Giana,Brennenstuhl,30
1464,Bartel,Bavin,61
1465,Zia,Peters,52
1466,Dew,Gibling,65
1467,Deidre,De Ferrari,48
1468,Shaylah,Rosettini,35
1469,Albertina,Uccelli,45
1470,Baird,Zold,21
1471,Olympe,Sly,38
1472,Dare,Lownsbrough,47
1473,Francine,Poland,46
1474,Charmine,Gerraty,30
1475,Ezechiel,Wilbud,30
1476,Hadria,Hingeley,12
1477,Shina,Doughill,21
1478,Shane,Chesworth,53
1479,Janie,Girdlestone,55
1480,Tamar,Liquorish,29
1481,Chrissy,O'Scannill,54
1482,Kaia,Troth,44
1483,Skipper,Benedetti,25
1484,Camel,Matisoff,40
1485,Fiona,Augie,5
1486,Sutherland,Brookz,60
1487,Felice,Rekes,33
1488,Benedicta,Haddleton,16
1489,Marcelle,Josupeit,16
1490,Julia,Downing,12
1491,Syman,Libbe,24
1492,Allison,Gavrielli,13
1493,Sharlene,Honisch,19
1494,Demeter,Lillico,22
1495,Issy,Bulfoot,40
1496,Dianemarie,Wapplington,18
1497,Consuelo,Vince,66
1498,Kati,Aers,70
1499,Pierson,Knappe,27
1500,Drew,Stimson,12
1501,Pamella,Schenkel,31
1502,Meg,Geddes,36
1503,Jarad,Paur,24
1504,Valene,Megany,47
1505,Any,Edmondson,43
1506,Angel,Crasswell,24
1507,Germaine,Tockell,12
1508,Tildie,Bille,30
1509,Freida,Verling,49
1510,Teddie,Beauchamp,53
1511,Shannon,Franz-Schoninger,63
1512,Tressa,Killelay,47
1513,Marco,Kinforth,9
1514,Hans,Maypother,49
1515,Morgen,Hedditch,56
1516,Tobias,MacLucais,54
1517,Agretha,Lindop,11
1518,Hildy,Bottomley,44
1519,Annecorinne,Dursley,59
1520,Wandis,Strutt,68
1521,Bennie,Castane,2
1522,Gaylor,Philcott,65
1523,Giorgi,Poel,19
1524,Georgina,McGrane,19
1525,Maxim,Tuminelli,39
1526,Titos,Vasilischev,26
1527,Nevsa,Shotton,30
1528,Boyce,Meryett,37
1529,Jaymee,Slevin,54
1530,Katheryn,Youhill,5
1531,Emanuel,Fransman,51
1532,Quent,Chiverton,24
1533,Nananne,Fomichkin,51
1534,Rickert,Crielly,23
1535,Sibeal,Swinford,25
1536,Lacey,Brumpton,38
1537,Issiah,Francillo,27
1538,Major,Quennell,57
1539,Lyndell,Clappson,54
1540,Erek,Bagshaw,12
1541,Hallsy,Haestier,69
1542,Spenser,McSherry,68
1543,Artair,Summerskill,57
1544,Deane,Mathewson,12
1545,Kelsey,Bianco,24
1546,Merell,Willshaw,25
1547,Cort,Littledyke,35
1548,Quint,Burnsides,33
1549,Ichabod,Darcy,44
1550,Althea,Eggers,39
1551,Ryann,McFater,51
1552,Clarine,Revance,58
1553,Hali,Willishire,11
1554,Maggie,Boulden,65
1555,Jori,Tison,57
1556,Andreana,Duggen,37
1557,Dasi,Hastler,42
1558,Denney,Ucchino,46
1559,Onfre,Balsdon,61
1560,Mercie,Oxnam,62
1561,Kipp,Knoller,48
1562,Cameron,Kerfoot,31
1563,Pepillo,Davidovsky,5
1564,Yetta,Andreazzi,24
1565,Gottfried,Hainge,46
1566,Lindi,Sexten,38
1567,Cleavland,Hunnywell,60
1568,Phyllis,Hollyer,65
1569,Joey,Holdforth,33
1570,Alethea,Martinez,13
1571,Nelly,Suddards,58
1572,Berkie,Chaimson,10
1573,Jacquelynn,Gout,13
1574,Stearne,MacCleod,1
1575,Hollie,Lintin,35
1576,Pace,Kas,33
1577,Nev,Kelberer,38
1578,Hilario,Filippello,21
1579,Agnes,Mignot,22
1580,Cindelyn,MacGiolla,13
1581,Erhard,Cuthbert,31
1582,Ginny,Malser,45
1583,Filippa,Lescop,3
1584,Alayne,Kochel,69
1585,Adair,Lippiatt,25
1586,Minna,Cutbirth,66
1587,Agata,Summerhayes,52
1588,Moses,Nicholas,65
1589,Claudia,Loadsman,55
1590,Cathlene,Poulney,63
1591,Clemens,Kremer,46
1592,Sigvard,Brobyn,65
1593,Janela,Saterweyte,68
1594,Mirilla,Byford,37
1595,Scarlett,Scini,44
1596,Emlen,Alishoner,5
1597,Dory,Gissing,21
1598,Brietta,Madgin,18
1599,Hershel,Scibsey,53
1600,Teri,Varga,45
1601,Buddie,Basset,28
1602,Lydia,Heiss,55
1603,Shalom,Richold,67
1604,Rosalinde,Morrallee,7
1605,Trish,Caveill,62
1606,Welch,Barrows,42
1607,Benjie,Mix,50
1608,Miguel,Forestel,18
1609,Gerda,Alvarez,14
1610,Kelci,Lars,27
1611,Deirdre,Elderidge,21
1612,Ashby,Ranking,12
1613,Toddie,Treleven,12
1614,Alina,Robberts,11
1615,Gustie,Ionnidis,22
1616,Shae,Dain,55
1617,Dorena,Downey,62
1618,Michaelina,McTrustram,60
1619,Junie,Hallede,49
1620,Selina,Hounson,5
1621,Fay,Wudeland,14
1622,Jaime,Solley,68
1623,Rudolf,Garroway,36
1624,Inge,Meffin,18
1625,Thomasina,Cobbe,2
1626,Eudora,Vispo,43
1627,Albert,Teenan,18
1628,Glori,Meaney,13
1629,Dolph,Stedmond,48
1630,Walther,Wimpey,45
1631,Demetri,Terne,56
1632,Gertie,Fortesquieu,14
1633,May,Pougher,45
1634,Kearney,Rosenfield,39
1635,Marissa,Suller,42
1636,Pierre,Forkan,51
1637,Ewen,Bussy,45
1638,Gladys,Dunstone,52
1639,Robbie,Eagar,69
1640,Tymothy,Domerque,55
1641,Meredith,Woller,60
1642,Dugald,Haking,58
1643,Timmy,Colcomb,42
1644,Chrysa,O'Fielly,2
1645,Ema,Rumens,6
1646,Nobie,McGruar,39
1647,Niall,Pymer,50
1648,Darryl,Cogdon,19
1649,Allison,Naisbet,15
1650,Dud,Stummeyer,57
1651,Dierdre,McGray,49
1652,Hal,Mingay,48
1653,Christean,Smye,10
1654,Jessa,Warlow,49
1655,Clarita,Mocher,25
1656,Isidoro,Safe,29
1657,Bibbye,Dmych,22
1658,Cornelia,Elleyne,27
1659,Raven,Correa,61
1660,Deva,Wotton,9
1661,Octavius,Gercke,32
1662,Siusan,Eggleson,15
1663,Richmound,Grishmanov,30
1664,Thornie,Peepall,43
1665,Nicky,Cunah,32
1666,Averell,Blowing,4
1667,Gram,Cadge,43
1668,Betty,Ledson,52
1669,Abagail,Dullingham,20
1670,Simonne,Touzey,62
1671,Boyd,Shillaber,57
1672,Nataniel,Loudyan,67
1673,Rori,Stubs,46
1674,Lucia,Mc-Kerley,6
1675,Carola,Bromehed,20
1676,Martie,Tack,2
1677,Chad,Neathway,53
1678,Cornelle,Menlow,69
1679,Jorrie,Mewitt,65
1680,Jobie,Dallimore,39
1681,Reinold,Oliffe,17
1682,Page,Trighton,6
1683,Lalo,Bignall,18
1684,Freddy,Barrs,33
1685,Maximilianus,Lethabridge,12
1686,Marin,Kibard,50
1687,Wayland,Hatfield,15
1688,Corny,Stittle,55
1689,Phyllida,Mahon,9
1690,Dael,Lytle,68
1691,Fionna,Chiplen,66
1692,Waly,Smeath,45
1693,Gearard,Berge,3
1694,Mike,Danev,34
1695,Ramsay,Farrier,53
1696,Lev,Kilty,25
1697,Benedict,Paulsen,67
1698,Petunia,Lummis,14
1699,Dennis,Trewhela,34
1700,Mechelle,Guy,42
1701,Ann-marie,Liveing,14
1702,Renault,Earry,35
1703,Decca,Hollingby,27
1704,Meghann,Magwood,48
1705,Farr,Groom,10
1706,Marta,Edginton,60
1707,Gwen,Sterricks,21
1708,Cyrille,Benez,20
1709,Fritz,Moriarty,60
1710,Gweneth,Schuchmacher,55
1711,Glenn,Pandie,52
1712,Bonnie,Keays,21
1713,Charmine,Poyser,17
1714,Marlene,Clementucci,52
1715,Cosimo,Pye,59
1716,Lexie,Alcott,34
1717,George,Saintpierre,23
1718,Farrel,Seville,34
1719,Trudi,Dadson,32
1720,Louie,Hedman,46
1721,Wyn,Sandyfirth,41
1722,Fidela,Olligan,52
1723,Alasteir,Harkin,8
1724,Zebedee,Dominighi,61
1725,Abbie,Hallam,39
1726,Maure,McKimmie,5
1727,Hedwig,Furse,43
1728,Arabella,Stillwell,23
1729,Zaneta,Metterick,1
1730,Sandi,Wolfenden,15
1731,Brendon,Stratz,62
1732,Leona,Woodrow,23
1733,Genny,Pyburn,19
1734,Gayelord,Tolomio,11
1735,Leonelle,Mansfield,39
1736,Tann,Grushin,43
1737,Prudi,Dalgleish,60
1738,Biron,Lemary,27
1739,Lorette,Thistleton,60
1740,Silvan,McNish,20
1741,Cozmo,Lyfe,49
1742,Kleon,Colaco,21
1743,Bernelle,Tofanelli,22
1744,Mendy,Godsal,29
1745,Ainslie,Filippello,64
1746,Blondell,Handlin,33
1747,Maureene,Studdeard,24
1748,Joceline,Bigham,25
1749,Opal,Corlett,59
1750,Ludovika,Youle,3
1751,Jilli,Seven,45
1752,Christoph,Hatfield,13
1753,Mohammed,Blakeney,20
1754,Elly,Tabram,27
1755,Cam,Rowntree,28
1756,Moe,Pouck,28
1757,Carlota,Domanski,66
1758,Read,Junifer,18
1759,Frasco,Priden,12
1760,Wrennie,Lutsch,5
1761,Alia,Heel,13
1762,Pia,Croydon,32
1763,Prudy,Wadelin,68
1764,Byron,Maggorini,46
1765,Auberon,Stonman,48
1766,Cleon,Junkison,13
1767,Donella,Frisdick,37
1768,Justine,Fawdrie,8
1769,Katy,Vautrey,58
1770,Chlo,Fripps,60
1771,Wood,Abrams,2
1772,Ronni,Gittings,47
1773,Pren,O'Doireidh,53
1774,Herculie,Scogings,34
1775,Iolande,Fisby,13
1776,Sherri,Marishenko,69
1777,Peggi,Epsley,32
1778,Myron,Towhey,2
1779,Mellisent,Markwick,42
1780,Sella,Gemson,33
1781,Reg,Giamelli,8
1782,Fancy,Garvey,47
1783,Aguistin,Mulholland,6
1784,Jens,Pittam,38
1785,Florie,Cotta,19
1786,Jennie,Thurborn,49
1787,Curr,Pirdue,13
1788,Alon,Wooderson,37
1789,Zulema,Rowlands,65
1790,Nissa,Dracey,27
1791,Stewart,Moizer,10
1792,Casper,Proud,68
1793,Melvin,Agastina,58
1794,Nicola,Bellefonte,15
1795,Charmane,Perche,40
1796,Berny,Parchment,44
1797,Cammie,Meneghi,70
1798,Lia,Plester,3
1799,Valma,McMorland,32
1800,Aurie,Fairpo,38
1801,Vilhelmina,Pisco,59
1802,Renaldo,Tolumello,26
1803,Grata,Gowlett,5
1804,Gerrie,Boxall,25
1805,Ursa,Gouthier,69
1806,Bee,Varian,25
1807,Darby,Blasio,16
1808,Giuditta,Lourens,40
1809,Linell,Seifenmacher,29
1810,Dodie,Orpwood,36
1811,Teddie,Wattinham,8
1812,Marlo,Beazey,65
1813,Emory,Marco,60
1814,Felita,Woods,54
1815,Purcell,McCosh,7
1816,Tate,Tatem,55
1817,Lexie,Smitten,10
1818,Bryant,Bevis,17
1819,Kipp,Stathers,59
1820,Dani,Ingleston,52
1821,Nedda,Urwen,5
1822,Karlee,Trudgian,70
1823,Korry,Bonanno,22
1824,Mariska,Lehenmann,66
1825,Burgess,Dewdney,40
1826,Angel,Lugton,26
1827,Sharona,Helin,65
1828,Oralia,Lantuff,15
1829,Jaquelin,Authers,55
1830,Maxi,Wreakes,41
1831,Con,Danielut,26
1832,Colver,Crawshaw,17
1833,Chloris,Kelemen,39
1834,Margi,Gallihaulk,39
1835,Darell,Jedrasik,70
1836,Merv,Tomankowski,67
1837,Florance,Castellanos,12
1838,Vince,Sparshatt,32
1839,Mill,Birkenhead,37
1840,Tallie,Itchingham,7
1841,Ericka,Waymont,17
1842,Grange,Cornehl,37
1843,Myrna,Shipman,43
1844,Marco,Barreau,63
1845,Petronella,Daughton,46
1846,Daryl,Nobes,46
1847,Idette,Twentyman,45
1848,Rocky,Backes,64
1849,Charmaine,Robertet,21
1850,Rebekkah,Hanway,43
1851,Annemarie,Huffadine,50
1852,Blinni,O'Lyhane,42
1853,Brittne,Malletratt,6
1854,Delainey,Varvara,10
1855,Breena,Pepler,4
1856,Lorri,Jaulme,32
1857,Jobey,Blaschek,9
1858,Mohandas,Koopman,40
1859,Deny,Scraggs,27
1860,Cam,Malec,60
1861,Ruthe,Hoolaghan,2
1862,Hanan,Blyth,66
1863,Gun,Mynett,47
1864,Zora,Drewe,25
1865,Damon,Smitherman,13
1866,Saw,Whall,6
1867,Mildrid,Venables,69
1868,Taddeo,Ellyatt,15
1869,Merline,Metzig,62
1870,Gabriello,Vernon,68
1871,Hilario,Stanluck,31
1872,Corri,Brazelton,30
1873,Freedman,Stoodley,13
1874,Nanci,Eakley,51
1875,Genvieve,Ginsie,44
1876,Genny,Iwaszkiewicz,48
1877,Dotti,Gidney,34
1878,Giffie,Cordelet,59
1879,Sean,Dufore,36
1880,Bill,Morphey,69
1881,May,Ganford,2
1882,Nicoli,Domingues,40
1883,Arabele,Occleshaw,38
1884,Aggy,Peasegood,14
1885,Ring,Tuttiett,23
1886,Roxi,Bernhardi,11
1887,Charlie,Clements,64
1888,Dore,Grimster,9
1889,Kassandra,Hazelhurst,5
1890,Doris,Somersett,8
1891,Jere,Boykett,17
1892,Dore,Walewicz,5
1893,Henrieta,Gellert,28
1894,Mayor,Febry,35
1895,Giulio,Muncie,58
1896,Flora,Anthoine,33
1897,Glynnis,Tantrum,57
1898,Carlene,Eccleshare,6
1899,Sandor,Gare,40
1900,Gregg,Isselee,27
1901,Christyna,Kendell,22
1902,Koenraad,Heinzel,46
1903,Nessi,Renackowna,49
1904,Leif,Bryant,58
1905,Terrence,Vinsen,39
1906,Errick,Diggons,55
1907,Myles,Del Castello,49
1908,Nita,Leighton,28
1909,Tallia,MacKissack,12
1910,Humfrid,Bellerby,56
1911,Blondy,Spincke,2
1912,Catha,Santore,26
1913,Boony,Lynd,65
1914,Marlie,Fontaine,11
1915,Casar,Wardale,28
1916,Darb,Pogg,16
1917,Letti,Burhill,59
1918,Terza,Twiggins,36
1919,Hayward,Dows,62
1920,Koren,McDonagh,33
1921,Martita,Sweetzer,54
1922,Grange,Keune,61
1923,Sumner,Regenhardt,56
1924,Merrily,Puden,61
1925,Seymour,Gaish,30
1926,Aryn,Buckenhill,70
1927,Ted,Baine,13
1928,Guy,Glaisner,23
1929,Daphene,Longcake,47
1930,Max,Haggarth,55
1931,Sheena,Teague,23
1932,Mead,Ciraldo,47
1933,Mable,Spriggen,17
1934,Daune,Ciccoloi,51
1935,Berrie,Romayn,23
1936,Isa,Stooders,4
1937,Bartlet,Otterwell,3
1938,Bink,Millican,50
1939,Avery,Geeson,15
1940,Candice,Brimilcombe,28
1941,Arny,Sorensen,41
1942,Pace,Jurkowski,6
1943,Frasquito,Scard,59
1944,Hoyt,Astling,35
1945,Antonius,Rhyme,18
1946,Renee,Paolini,19
1947,Alberik,Tonner,54
1948,Gallard,Luciano,17
1949,Melony,Juzek,68
1950,Adrien,Cranham,7
1951,Geneva,Petrov,14
1952,Susi,Blease,54
1953,Rosanne,Leatherbarrow,39
1954,Aloysius,Woodbridge,58
1955,Elysha,Pinnere,33
1956,Sela,O'Scanlan,53
1957,Kathrine,Worland,33
1958,Wain,Matchell,58
1959,Sheila,Abell,66
1960,Glory,Fury,17
1961,Marget,Storrie,36
1962,Tybi,Warbys,59
1963,Maurizio,Leversha,25
1964,Melania,Storch,19
1965,Ryley,Mahon,41
1966,Gussie,Fowley,54
1967,Jayne,Postles,65
1968,Hashim,Smurfit,20
1969,Westley,Chinge de Hals,33
1970,Sarge,Dyne,28
1971,Geordie,Edworthye,65
1972,Darla,Armfield,35
1973,Dorise,McCuish,18
1974,Alejandro,Alyoshin,58
1975,Gale,Harring,56
1976,Ermentrude,Sallows,11
1977,Archibaldo,Aronin,30
1978,Winny,Maidlow,5
1979,Ettore,Ketchell,22
1980,Gabrila,Mayho,3
1981,Roman,Everil,18
1982,Helge,Mulryan,60
1983,Cassy,Pickwell,39
1984,Harmony,Gorini,55
1985,Jammal,Lghan,27
1986,Town,Wasselin,31
1987,Manda,Demke,65
1988,Mordy,Langfitt,50
1989,Mommy,Rickcord,26
1990,Othella,Tutt,51
1991,Beau,Ivimy,5
1992,Eadith,Skein,54
1993,Stormie,Allenson,2
1994,Brenda,Goudge,65
1995,Zelma,Mewes,13
1996,Linus,Spalding,61
1997,D'arcy,Lucock,30
1998,Sal,Rustich,29
1999,Deena,Lindberg,4
2000,Ave,Kunert,13
